species,Qx,Qy,Δ(Qy-Qx)
Anion,26735.27115154858,28407.665796047015,1672.3946444984342
Dianion,26564.774221600688,28119.31614073729,1554.5419191365995
